<?xml version="1.0" encoding="UTF-8"?>
<beans xmlns="http://www.springframework.org/schema/beans"
       xmlns:xsi="http://www.w3.org/2001/XMLSchema-instance"
       xsi:schemaLocation="http://www.springframework.org/schema/beans
                           http://www.springframework.org/schema/beans/spring-beans.xsd">

    <!-- Bean definition for BookRepository -->
    <bean id="bookRepository" class="com.library.LibraryManagement"/>

    <!-- Bean definition for BookService with dependency injection -->
    <bean id="bookService" class="com.library.LibraryManagement">
        <property name="bookRepository" ref="bookRepository"/>
    </bean>
    <bean id="bookService" class="com.library.service.BookService">
        <constructor-arg ref="bookRepository"/>
        <property name="bookRepository" ref="bookRepository"/>
    </bean>
    <bean id="bookService" class="com.library.LibraryManagement">
        <constructor-arg ref="bookRepository"/>
    </bean>

</beans>
